species,life_stage,max_length,mat_length,a,b,common_name,min_length,rep_length,B
Gadus morhua,adult,95,30,0.008476480715006942,3.0273216356864943,cod,10,53.38539126015655,1438
Gadus morhua,juvenile,95,30,0.008476480715006942,3.0273216356864943,cod,10,17.320508075688775,48
Platichthys flesus,adult,45,19,0.01134204113648141,3.0308375200416244,flounder,10,29.24038303442689,315
Platichthys flesus,juvenile,45,19,0.01134204113648141,3.0308375200416244,flounder,10,13.784048752090222,32
Pleuronectes platessa,adult,50,21,0.0105771109838158,2.99379678620955,plaice,10,32.4037034920393,352
Pleuronectes platessa,juvenile,50,21,0.0105771109838158,2.99379678620955,plaice,10,14.491376746189438,32
Limanda limanda,all,36,18,0.009253967791261433,3.0539097123100056,dab,10,18.973665961010276,74
Psetta maxima,all,49,18,0.017021940191960898,3.034186914872205,turbot,10,22.135943621178654,205
Merlangius merlangus,all,47,24,0.008487566460197733,3.0054573386269774,whiting,10,21.6794833886788,88
